C4,C3,C2,C1,L4,L3,L2,L1
80,86,44,16,5e-324,6.94288207439247e-310,6.94288207424716e-310,113
80,86,44,16,5e-324,6.94288207439247e-310,6.94288207424716e-310,113
80,86,44,16,5e-324,6.94288207439247e-310,6.94288207424716e-310,113
80,86,44,16,5e-324,6.94288207439247e-310,6.94288207424716e-310,113
80,86,44,16,5e-324,6.94288207439247e-310,6.94288207424716e-310,113
117,51,35,28,13,49,91,67
117,51,35,28,13,49,91,67
117,51,35,28,13,49,91,67
117,51,35,28,13,49,91,67
117,51,35,28,13,49,91,67
117,51,35,28,13,49,91,67
117,51,35,28,13,49,91,67
117,51,35,28,13,49,91,67
76,81,70,20,21,77,65,76
76,81,70,20,21,77,65,76
76,81,70,20,21,77,65,76
76,81,70,20,21,77,65,76
76,81,70,20,21,77,65,76
76,81,70,20,21,77,65,76
76,81,70,20,21,77,65,76
76,81,70,20,21,77,65,76
47,98,60,33,22,31,73,106
47,98,60,33,22,31,73,106
47,98,60,33,22,31,73,106
47,98,60,33,22,31,73,106
47,98,60,33,22,31,73,106
47,98,60,33,22,31,73,106
47,98,60,33,22,31,73,106
47,98,60,33,22,31,73,106
47,86,66,47,12,17,81,130
47,86,66,47,12,17,81,130
47,86,66,47,12,17,81,130
47,86,66,47,12,17,81,130
47,86,66,47,12,17,81,130
47,86,66,47,12,17,81,130
47,86,66,47,12,17,81,130
47,86,66,47,12,17,81,130
112,102,41,39,35,40,84,124
112,102,41,39,35,40,84,124
112,102,41,39,35,40,84,124
112,102,41,39,35,40,84,124
112,102,41,39,35,40,84,124
112,102,41,39,35,40,84,124
112,102,41,39,35,40,84,124
112,102,41,39,35,40,84,124
116,68,45,20,13,55,56,110
116,68,45,20,13,55,56,110
116,68,45,20,13,55,56,110
116,68,45,20,13,55,56,110
116,68,45,20,13,55,56,110
116,68,45,20,13,55,56,110
116,68,45,20,13,55,56,110
116,68,45,20,13,55,56,110
70,95,48,14,14,45,83,79
70,95,48,14,14,45,83,79
70,95,48,14,14,45,83,79
70,95,48,14,14,45,83,79
70,95,48,14,14,45,83,79
70,95,48,14,14,45,83,79
70,95,48,14,14,45,83,79
70,95,48,14,14,45,83,79
88,74,40,25,34,15,61,109
88,74,40,25,34,15,61,109
88,74,40,25,34,15,61,109
88,74,40,25,34,15,61,109
88,74,40,25,34,15,61,109
88,74,40,25,34,15,61,109
88,74,40,25,34,15,61,109
88,74,40,25,34,15,61,109
52,48,69,31,31,65,55,42
52,48,69,31,31,65,55,42
52,48,69,31,31,65,55,42
52,48,69,31,31,65,55,42
52,48,69,31,31,65,55,42
52,48,69,31,31,65,55,42
52,48,69,31,31,65,55,42
52,48,69,31,31,65,55,42
56,75,66,21,23,20,93,74
56,75,66,21,23,20,93,74
56,75,66,21,23,20,93,74
56,75,66,21,23,20,93,74
56,75,66,21,23,20,93,74
56,75,66,21,23,20,93,74
56,75,66,21,23,20,93,74
56,75,66,21,23,20,93,74
67,97,58,15,34,67,76,52
67,97,58,15,34,67,76,52
67,97,58,15,34,67,76,52
67,97,58,15,34,67,76,52
67,97,58,15,34,67,76,52
67,97,58,15,34,67,76,52
67,97,58,15,34,67,76,52
67,97,58,15,34,67,76,52
74,69,106,14,8,61,98,93
74,69,106,14,8,61,98,93
74,69,106,14,8,61,98,93
74,69,106,14,8,61,98,93
74,69,106,14,8,61,98,93
74,69,106,14,8,61,98,93
74,69,106,14,8,61,98,93
74,69,106,14,8,61,98,93
94,79,34,41,5,45,82,105
94,79,34,41,5,45,82,105
94,79,34,41,5,45,82,105
94,79,34,41,5,45,82,105
94,79,34,41,5,45,82,105
94,79,34,41,5,45,82,105
94,79,34,41,5,45,82,105
94,79,34,41,5,45,82,105
94,94,38,12,19,61,73,71
94,94,38,12,19,61,73,71
94,94,38,12,19,61,73,71
94,94,38,12,19,61,73,71
94,94,38,12,19,61,73,71
94,94,38,12,19,61,73,71
94,94,38,12,19,61,73,71
94,94,38,12,19,61,73,71
108,101,33,15,19,57,72,98
108,101,33,15,19,57,72,98
108,101,33,15,19,57,72,98
108,101,33,15,19,57,72,98
108,101,33,15,19,57,72,98
108,101,33,15,19,57,72,98
108,101,33,15,19,57,72,98
108,101,33,15,19,57,72,98
98,53,58,28,26,74,64,64
98,53,58,28,26,74,64,64
98,53,58,28,26,74,64,64
98,53,58,28,26,74,64,64
98,53,58,28,26,74,64,64
98,53,58,28,26,74,64,64
98,53,58,28,26,74,64,64
98,53,58,28,26,74,64,64
93,49,50,50,16,30,76,108
93,49,50,50,16,30,76,108
93,49,50,50,16,30,76,108
93,49,50,50,16,30,76,108
93,49,50,50,16,30,76,108
93,49,50,50,16,30,76,108
93,49,50,50,16,30,76,108
93,49,50,50,16,30,76,108
35,53,75,63,6,46,90,81
35,53,75,63,6,46,90,81
35,53,75,63,6,46,90,81
35,53,75,63,6,46,90,81
35,53,75,63,6,46,90,81
35,53,75,63,6,46,90,81
35,53,75,63,6,46,90,81
35,53,75,63,6,46,90,81
99,92,59,37,17,44,38,177
99,92,59,37,17,44,38,177
99,92,59,37,17,44,38,177
99,92,59,37,17,44,38,177
99,92,59,37,17,44,38,177
99,92,59,37,17,44,38,177
99,92,59,37,17,44,38,177
99,92,59,37,17,44,38,177
48,83,79,37,41,52,63,86
48,83,79,37,41,52,63,86
48,83,79,37,41,52,63,86
48,83,79,37,41,52,63,86
48,83,79,37,41,52,63,86
48,83,79,37,41,52,63,86
48,83,79,37,41,52,63,86
48,83,79,37,41,52,63,86
146,55,29,19,27,9,82,124
146,55,29,19,27,9,82,124
146,55,29,19,27,9,82,124
146,55,29,19,27,9,82,124
146,55,29,19,27,9,82,124
146,55,29,19,27,9,82,124
146,55,29,19,27,9,82,124
146,55,29,19,27,9,82,124
52,83,71,31,23,27,86,99
52,83,71,31,23,27,86,99
52,83,71,31,23,27,86,99
52,83,71,31,23,27,86,99
52,83,71,31,23,27,86,99
52,83,71,31,23,27,86,99
52,83,71,31,23,27,86,99
52,83,71,31,23,27,86,99
45,91,46,41,12,76,65,61
45,91,46,41,12,76,65,61
45,91,46,41,12,76,65,61
45,91,46,41,12,76,65,61
45,91,46,41,12,76,65,61
45,91,46,41,12,76,65,61
45,91,46,41,12,76,65,61
45,91,46,41,12,76,65,61
87,61,33,36,29,53,74,56
87,61,33,36,29,53,74,56
87,61,33,36,29,53,74,56
87,61,33,36,29,53,74,56
87,61,33,36,29,53,74,56
87,61,33,36,29,53,74,56
87,61,33,36,29,53,74,56
87,61,33,36,29,53,74,56
117,33,55,28,36,62,76,52
117,33,55,28,36,62,76,52
117,33,55,28,36,62,76,52
117,33,55,28,36,62,76,52
117,33,55,28,36,62,76,52
117,33,55,28,36,62,76,52
117,33,55,28,36,62,76,52
117,33,55,28,36,62,76,52
82,61,59,27,28,24,64,107
82,61,59,27,28,24,64,107
82,61,59,27,28,24,64,107
82,61,59,27,28,24,64,107
82,61,59,27,28,24,64,107
82,61,59,27,28,24,64,107
82,61,59,27,28,24,64,107
82,61,59,27,28,24,64,107
82,74,41,42,5,60,100,65
82,74,41,42,5,60,100,65
82,74,41,42,5,60,100,65
82,74,41,42,5,60,100,65
82,74,41,42,5,60,100,65
82,74,41,42,5,60,100,65
82,74,41,42,5,60,100,65
82,74,41,42,5,60,100,65
85,84,58,18,22,64,70,83
85,84,58,18,22,64,70,83
85,84,58,18,22,64,70,83
85,84,58,18,22,64,70,83
85,84,58,18,22,64,70,83
85,84,58,18,22,64,70,83
85,84,58,18,22,64,70,83
85,84,58,18,22,64,70,83
35,67,94,38,19,26,84,98
35,67,94,38,19,26,84,98
35,67,94,38,19,26,84,98
35,67,94,38,19,26,84,98
35,67,94,38,19,26,84,98
35,67,94,38,19,26,84,98
35,67,94,38,19,26,84,98
35,67,94,38,19,26,84,98
80,63,59,40,17,43,55,117
80,63,59,40,17,43,55,117
80,63,59,40,17,43,55,117
80,63,59,40,17,43,55,117
80,63,59,40,17,43,55,117
80,63,59,40,17,43,55,117
80,63,59,40,17,43,55,117
80,63,59,40,17,43,55,117
69,69,69,20,30,96,69,25
69,69,69,20,30,96,69,25
69,69,69,20,30,96,69,25
69,69,69,20,30,96,69,25
69,69,69,20,30,96,69,25
69,69,69,20,30,96,69,25
69,69,69,20,30,96,69,25
69,69,69,20,30,96,69,25
71,89,34,38,23,48,86,63
71,89,34,38,23,48,86,63
71,89,34,38,23,48,86,63
71,89,34,38,23,48,86,63
71,89,34,38,23,48,86,63
71,89,34,38,23,48,86,63
71,89,34,38,23,48,86,63
71,89,34,38,23,48,86,63
125,46,33,30,19,34,78,88
125,46,33,30,19,34,78,88
125,46,33,30,19,34,78,88
125,46,33,30,19,34,78,88
125,46,33,30,19,34,78,88
125,46,33,30,19,34,78,88
125,46,33,30,19,34,78,88
125,46,33,30,19,34,78,88
109,95,46,14,33,59,85,77
109,95,46,14,33,59,85,77
109,95,46,14,33,59,85,77
109,95,46,14,33,59,85,77
109,95,46,14,33,59,85,77
109,95,46,14,33,59,85,77
109,95,46,14,33,59,85,77
109,95,46,14,33,59,85,77
78,92,78,19,18,61,76,103
78,92,78,19,18,61,76,103
78,92,78,19,18,61,76,103
78,92,78,19,18,61,76,103
78,92,78,19,18,61,76,103
78,92,78,19,18,61,76,103
78,92,78,19,18,61,76,103
78,92,78,19,18,61,76,103
115,67,64,27,9,64,83,109
115,67,64,27,9,64,83,109
115,67,64,27,9,64,83,109
115,67,64,27,9,64,83,109
115,67,64,27,9,64,83,109
115,67,64,27,9,64,83,109
115,67,64,27,9,64,83,109
115,67,64,27,9,64,83,109
34,84,64,39,13,26,91,88
34,84,64,39,13,26,91,88
34,84,64,39,13,26,91,88
34,84,64,39,13,26,91,88
34,84,64,39,13,26,91,88
34,84,64,39,13,26,91,88
34,84,64,39,13,26,91,88
34,84,64,39,13,26,91,88
65,101,56,28,22,27,107,87
65,101,56,28,22,27,107,87
65,101,56,28,22,27,107,87
65,101,56,28,22,27,107,87
65,101,56,28,22,27,107,87
65,101,56,28,22,27,107,87
65,101,56,28,22,27,107,87
65,101,56,28,22,27,107,87
45,70,72,28,24,43,59,85
45,70,72,28,24,43,59,85
45,70,72,28,24,43,59,85
45,70,72,28,24,43,59,85
45,70,72,28,24,43,59,85
45,70,72,28,24,43,59,85
45,70,72,28,24,43,59,85
45,70,72,28,24,43,59,85
95,47,52,26,19,21,76,93
95,47,52,26,19,21,76,93
95,47,52,26,19,21,76,93
95,47,52,26,19,21,76,93
95,47,52,26,19,21,76,93
95,47,52,26,19,21,76,93
95,47,52,26,19,21,76,93
95,47,52,26,19,21,76,93
76,87,51,51,19,25,107,98
76,87,51,51,19,25,107,98
76,87,51,51,19,25,107,98
76,87,51,51,19,25,107,98
76,87,51,51,19,25,107,98
76,87,51,51,19,25,107,98
76,87,51,51,19,25,107,98
76,87,51,51,19,25,107,98
80,92,56,23,26,35,97,85
80,92,56,23,26,35,97,85
80,92,56,23,26,35,97,85
80,92,56,23,26,35,97,85
80,92,56,23,26,35,97,85
80,92,56,23,26,35,97,85
80,92,56,23,26,35,97,85
80,92,56,23,26,35,97,85
98,76,28,41,28,20,73,109
98,76,28,41,28,20,73,109
98,76,28,41,28,20,73,109
98,76,28,41,28,20,73,109
98,76,28,41,28,20,73,109
98,76,28,41,28,20,73,109
98,76,28,41,28,20,73,109
98,76,28,41,28,20,73,109
37,51,64,33,24,29,69,59
37,51,64,33,24,29,69,59
37,51,64,33,24,29,69,59
37,51,64,33,24,29,69,59
37,51,64,33,24,29,69,59
37,51,64,33,24,29,69,59
37,51,64,33,24,29,69,59
37,51,64,33,24,29,69,59
62,106,61,24,25,72,49,96
62,106,61,24,25,72,49,96
62,106,61,24,25,72,49,96
62,106,61,24,25,72,49,96
62,106,61,24,25,72,49,96
62,106,61,24,25,72,49,96
62,106,61,24,25,72,49,96
62,106,61,24,25,72,49,96
61,87,46,9,19,29,57,92
61,87,46,9,19,29,57,92
61,87,46,9,19,29,57,92
61,87,46,9,19,29,57,92
61,87,46,9,19,29,57,92
61,87,46,9,19,29,57,92
61,87,46,9,19,29,57,92
61,87,46,9,19,29,57,92
106,85,57,22,15,52,88,104
106,85,57,22,15,52,88,104
106,85,57,22,15,52,88,104
106,85,57,22,15,52,88,104
106,85,57,22,15,52,88,104
106,85,57,22,15,52,88,104
106,85,57,22,15,52,88,104
106,85,57,22,15,52,88,104
103,40,46,36,31,10,81,99
103,40,46,36,31,10,81,99
103,40,46,36,31,10,81,99
103,40,46,36,31,10,81,99
103,40,46,36,31,10,81,99
103,40,46,36,31,10,81,99
103,40,46,36,31,10,81,99
103,40,46,36,31,10,81,99
67,47,92,29,38,39,67,86
67,47,92,29,38,39,67,86
67,47,92,29,38,39,67,86
67,47,92,29,38,39,67,86
67,47,92,29,38,39,67,86
67,47,92,29,38,39,67,86
67,47,92,29,38,39,67,86
67,47,92,29,38,39,67,86
78,84,41,19,8,48,65,92
78,84,41,19,8,48,65,92
78,84,41,19,8,48,65,92
78,84,41,19,8,48,65,92
78,84,41,19,8,48,65,92
78,84,41,19,8,48,65,92
78,84,41,19,8,48,65,92
78,84,41,19,8,48,65,92
95,91,34,37,19,32,82,116
95,91,34,37,19,32,82,116
95,91,34,37,19,32,82,116
95,91,34,37,19,32,82,116
95,91,34,37,19,32,82,116
95,91,34,37,19,32,82,116
95,91,34,37,19,32,82,116
95,91,34,37,19,32,82,116
106,81,28,9,46,66,82,14
106,81,28,9,46,66,82,14
106,81,28,9,46,66,82,14
106,81,28,9,46,66,82,14
106,81,28,9,46,66,82,14
106,81,28,9,46,66,82,14
106,81,28,9,46,66,82,14
106,81,28,9,46,66,82,14
110,49,41,31,17,70,69,61
110,49,41,31,17,70,69,61
110,49,41,31,17,70,69,61
110,49,41,31,17,70,69,61
110,49,41,31,17,70,69,61
110,49,41,31,17,70,69,61
110,49,41,31,17,70,69,61
110,49,41,31,17,70,69,61
118,80,21,19,10,52,76,88
118,80,21,19,10,52,76,88
118,80,21,19,10,52,76,88
118,80,21,19,10,52,76,88
118,80,21,19,10,52,76,88
118,80,21,19,10,52,76,88
118,80,21,19,10,52,76,88
118,80,21,19,10,52,76,88
93,107,38,19,26,99,63,56
93,107,38,19,26,99,63,56
93,107,38,19,26,99,63,56
93,107,38,19,26,99,63,56
93,107,38,19,26,99,63,56
93,107,38,19,26,99,63,56
93,107,38,19,26,99,63,56
93,107,38,19,26,99,63,56
78,83,78,25,25,50,76,102
78,83,78,25,25,50,76,102
78,83,78,25,25,50,76,102
78,83,78,25,25,50,76,102
78,83,78,25,25,50,76,102
78,83,78,25,25,50,76,102
78,83,78,25,25,50,76,102
78,83,78,25,25,50,76,102
83,44,72,10,5,43,58,97
83,44,72,10,5,43,58,97
83,44,72,10,5,43,58,97
83,44,72,10,5,43,58,97
83,44,72,10,5,43,58,97
83,44,72,10,5,43,58,97
83,44,72,10,5,43,58,97
83,44,72,10,5,43,58,97
61,60,76,21,15,32,68,101
61,60,76,21,15,32,68,101
61,60,76,21,15,32,68,101
61,60,76,21,15,32,68,101
61,60,76,21,15,32,68,101
61,60,76,21,15,32,68,101
61,60,76,21,15,32,68,101
61,60,76,21,15,32,68,101
53,30,118,40,7,45,96,90
53,30,118,40,7,45,96,90
53,30,118,40,7,45,96,90
53,30,118,40,7,45,96,90
53,30,118,40,7,45,96,90
53,30,118,40,7,45,96,90
53,30,118,40,7,45,96,90
53,30,118,40,7,45,96,90
61,65,54,36,33,47,62,62
61,65,54,36,33,47,62,62
61,65,54,36,33,47,62,62
61,65,54,36,33,47,62,62
61,65,54,36,33,47,62,62
61,65,54,36,33,47,62,62
61,65,54,36,33,47,62,62
61,65,54,36,33,47,62,62
105,84,30,14,40,48,69,65
105,84,30,14,40,48,69,65
105,84,30,14,40,48,69,65
105,84,30,14,40,48,69,65
105,84,30,14,40,48,69,65
105,84,30,14,40,48,69,65
105,84,30,14,40,48,69,65
105,84,30,14,40,48,69,65
48,83,38,41,25,33,44,100
48,83,38,41,25,33,44,100
48,83,38,41,25,33,44,100
48,83,38,41,25,33,44,100
48,83,38,41,25,33,44,100
48,83,38,41,25,33,44,100
48,83,38,41,25,33,44,100
48,83,38,41,25,33,44,100
94,85,56,26,19,33,93,103
94,85,56,26,19,33,93,103
94,85,56,26,19,33,93,103
94,85,56,26,19,33,93,103
94,85,56,26,19,33,93,103
94,85,56,26,19,33,93,103
94,85,56,26,19,33,93,103
94,85,56,26,19,33,93,103
88,54,32,41,15,26,69,92
88,54,32,41,15,26,69,92
88,54,32,41,15,26,69,92
88,54,32,41,15,26,69,92
88,54,32,41,15,26,69,92
88,54,32,41,15,26,69,92
88,54,32,41,15,26,69,92
88,54,32,41,15,26,69,92
82,95,32,11,17,44,79,66
82,95,32,11,17,44,79,66
82,95,32,11,17,44,79,66
82,95,32,11,17,44,79,66
82,95,32,11,17,44,79,66
82,95,32,11,17,44,79,66
82,95,32,11,17,44,79,66
82,95,32,11,17,44,79,66
86,83,32,17,40,71,33,60
86,83,32,17,40,71,33,60
86,83,32,17,40,71,33,60
86,83,32,17,40,71,33,60
86,83,32,17,40,71,33,60
86,83,32,17,40,71,33,60
86,83,32,17,40,71,33,60
86,83,32,17,40,71,33,60
73,90,45,30,7,48,76,99
73,90,45,30,7,48,76,99
73,90,45,30,7,48,76,99
73,90,45,30,7,48,76,99
73,90,45,30,7,48,76,99
73,90,45,30,7,48,76,99
73,90,45,30,7,48,76,99
73,90,45,30,7,48,76,99
51,76,73,38,33,55,54,91
51,76,73,38,33,55,54,91
51,76,73,38,33,55,54,91
51,76,73,38,33,55,54,91
51,76,73,38,33,55,54,91
51,76,73,38,33,55,54,91
51,76,73,38,33,55,54,91
51,76,73,38,33,55,54,91
114,85,17,21,27,37,56,106
114,85,17,21,27,37,56,106
114,85,17,21,27,37,56,106
114,85,17,21,27,37,56,106
114,85,17,21,27,37,56,106
114,85,17,21,27,37,56,106
114,85,17,21,27,37,56,106
114,85,17,21,27,37,56,106
51,74,66,67,36,56,83,76
51,74,66,67,36,56,83,76
51,74,66,67,36,56,83,76
51,74,66,67,36,56,83,76
51,74,66,67,36,56,83,76
51,74,66,67,36,56,83,76
51,74,66,67,36,56,83,76
51,74,66,67,36,56,83,76
101,83,55,23,31,47,103,67
101,83,55,23,31,47,103,67
101,83,55,23,31,47,103,67
101,83,55,23,31,47,103,67
101,83,55,23,31,47,103,67
101,83,55,23,31,47,103,67
101,83,55,23,31,47,103,67
101,83,55,23,31,47,103,67
92,92,54,12,30,77,75,59
92,92,54,12,30,77,75,59
92,92,54,12,30,77,75,59
92,92,54,12,30,77,75,59
92,92,54,12,30,77,75,59
92,92,54,12,30,77,75,59
92,92,54,12,30,77,75,59
92,92,54,12,30,77,75,59
52,91,60,50,23,66,52,104
52,91,60,50,23,66,52,104
52,91,60,50,23,66,52,104
52,91,60,50,23,66,52,104
52,91,60,50,23,66,52,104
52,91,60,50,23,66,52,104
52,91,60,50,23,66,52,104
52,91,60,50,23,66,52,104
46,111,33,38,19,59,22,125
46,111,33,38,19,59,22,125
46,111,33,38,19,59,22,125
46,111,33,38,19,59,22,125
46,111,33,38,19,59,22,125
46,111,33,38,19,59,22,125
46,111,33,38,19,59,22,125
46,111,33,38,19,59,22,125
77,88,61,37,41,51,59,104
77,88,61,37,41,51,59,104
77,88,61,37,41,51,59,104
77,88,61,37,41,51,59,104
77,88,61,37,41,51,59,104
77,88,61,37,41,51,59,104
77,88,61,37,41,51,59,104
77,88,61,37,41,51,59,104
92,81,41,52,18,46,104,88
92,81,41,52,18,46,104,88
92,81,41,52,18,46,104,88
92,81,41,52,18,46,104,88
92,81,41,52,18,46,104,88
92,81,41,52,18,46,104,88
92,81,41,52,18,46,104,88
92,81,41,52,18,46,104,88
61,78,65,19,34,37,58,86
61,78,65,19,34,37,58,86
61,78,65,19,34,37,58,86
61,78,65,19,34,37,58,86
61,78,65,19,34,37,58,86
61,78,65,19,34,37,58,86
61,78,65,19,34,37,58,86
61,78,65,19,34,37,58,86
56,118,35,18,21,33,91,75
56,118,35,18,21,33,91,75
56,118,35,18,21,33,91,75
56,118,35,18,21,33,91,75
56,118,35,18,21,33,91,75
56,118,35,18,21,33,91,75
56,118,35,18,21,33,91,75
56,118,35,18,21,33,91,75
102,65,21,23,20,50,68,60
102,65,21,23,20,50,68,60
102,65,21,23,20,50,68,60
102,65,21,23,20,50,68,60
102,65,21,23,20,50,68,60
102,65,21,23,20,50,68,60
102,65,21,23,20,50,68,60
102,65,21,23,20,50,68,60
91,62,54,31,32,19,52,129
91,62,54,31,32,19,52,129
91,62,54,31,32,19,52,129
91,62,54,31,32,19,52,129
91,62,54,31,32,19,52,129
91,62,54,31,32,19,52,129
91,62,54,31,32,19,52,129
91,62,54,31,32,19,52,129
39,104,71,13,20,26,47,128
39,104,71,13,20,26,47,128
39,104,71,13,20,26,47,128
39,104,71,13,20,26,47,128
39,104,71,13,20,26,47,128
39,104,71,13,20,26,47,128
39,104,71,13,20,26,47,128
39,104,71,13,20,26,47,128
82,73,69,39,18,93,72,70
82,73,69,39,18,93,72,70
82,73,69,39,18,93,72,70
82,73,69,39,18,93,72,70
82,73,69,39,18,93,72,70
82,73,69,39,18,93,72,70
82,73,69,39,18,93,72,70
82,73,69,39,18,93,72,70
94,63,34,38,14,25,74,112
94,63,34,38,14,25,74,112
94,63,34,38,14,25,74,112
94,63,34,38,14,25,74,112
94,63,34,38,14,25,74,112
94,63,34,38,14,25,74,112
94,63,34,38,14,25,74,112
94,63,34,38,14,25,74,112
75,100,63,7,34,72,79,49
75,100,63,7,34,72,79,49
75,100,63,7,34,72,79,49
75,100,63,7,34,72,79,49
75,100,63,7,34,72,79,49
75,100,63,7,34,72,79,49
75,100,63,7,34,72,79,49
75,100,63,7,34,72,79,49
48,79,99,47,77,102,63,19
48,79,99,47,77,102,63,19
48,79,99,47,77,102,63,19
48,79,99,47,77,102,63,19
48,79,99,47,77,102,63,19
48,79,99,47,77,102,63,19
48,79,99,47,77,102,63,19
48,79,99,47,77,102,63,19
54,73,73,20,32,58,62,57
54,73,73,20,32,58,62,57
54,73,73,20,32,58,62,57
54,73,73,20,32,58,62,57
54,73,73,20,32,58,62,57
54,73,73,20,32,58,62,57
54,73,73,20,32,58,62,57
54,73,73,20,32,58,62,57
74,80,49,12,14,71,68,55
74,80,49,12,14,71,68,55
74,80,49,12,14,71,68,55
74,80,49,12,14,71,68,55
74,80,49,12,14,71,68,55
74,80,49,12,14,71,68,55
74,80,49,12,14,71,68,55
74,80,49,12,14,71,68,55
82,86,77,27,27,84,77,74
82,86,77,27,27,84,77,74
82,86,77,27,27,84,77,74
82,86,77,27,27,84,77,74
82,86,77,27,27,84,77,74
82,86,77,27,27,84,77,74
82,86,77,27,27,84,77,74
82,86,77,27,27,84,77,74
73,74,71,32,42,68,42,90
73,74,71,32,42,68,42,90
73,74,71,32,42,68,42,90
73,74,71,32,42,68,42,90
73,74,71,32,42,68,42,90
73,74,71,32,42,68,42,90
73,74,71,32,42,68,42,90
73,74,71,32,42,68,42,90
78,54,47,59,22,63,78,66
78,54,47,59,22,63,78,66
78,54,47,59,22,63,78,66
78,54,47,59,22,63,78,66
78,54,47,59,22,63,78,66
78,54,47,59,22,63,78,66
78,54,47,59,22,63,78,66
78,54,47,59,22,63,78,66
67,60,53,36,23,40,80,68
67,60,53,36,23,40,80,68
67,60,53,36,23,40,80,68
67,60,53,36,23,40,80,68
67,60,53,36,23,40,80,68
67,60,53,36,23,40,80,68
67,60,53,36,23,40,80,68
67,60,53,36,23,40,80,68
93,77,47,41,38,62,78,70
93,77,47,41,38,62,78,70
93,77,47,41,38,62,78,70
93,77,47,41,38,62,78,70
93,77,47,41,38,62,78,70
93,77,47,41,38,62,78,70
93,77,47,41,38,62,78,70
93,77,47,41,38,62,78,70
82,82,47,14,23,74,88,31
82,82,47,14,23,74,88,31
82,82,47,14,23,74,88,31
82,82,47,14,23,74,88,31
82,82,47,14,23,74,88,31
82,82,47,14,23,74,88,31
82,82,47,14,23,74,88,31
82,82,47,14,23,74,88,31
92,82,50,20,31,57,50,92
92,82,50,20,31,57,50,92
92,82,50,20,31,57,50,92
92,82,50,20,31,57,50,92
92,82,50,20,31,57,50,92
92,82,50,20,31,57,50,92
92,82,50,20,31,57,50,92
92,82,50,20,31,57,50,92
31,87,69,20,25,24,85,69
31,87,69,20,25,24,85,69
31,87,69,20,25,24,85,69
31,87,69,20,25,24,85,69
31,87,69,20,25,24,85,69
31,87,69,20,25,24,85,69
31,87,69,20,25,24,85,69
31,87,69,20,25,24,85,69
62,78,76,15,12,55,107,44
62,78,76,15,12,55,107,44
62,78,76,15,12,55,107,44
62,78,76,15,12,55,107,44
62,78,76,15,12,55,107,44
62,78,76,15,12,55,107,44
62,78,76,15,12,55,107,44
62,78,76,15,12,55,107,44
81,85,45,8,10,63,35,105
81,85,45,8,10,63,35,105
81,85,45,8,10,63,35,105
81,85,45,8,10,63,35,105
81,85,45,8,10,63,35,105
81,85,45,8,10,63,35,105
81,85,45,8,10,63,35,105
81,85,45,8,10,63,35,105
79,85,54,12,25,61,44,90
79,85,54,12,25,61,44,90
79,85,54,12,25,61,44,90
79,85,54,12,25,61,44,90
79,85,54,12,25,61,44,90
79,85,54,12,25,61,44,90
79,85,54,12,25,61,44,90
79,85,54,12,25,61,44,90
54,117,69,19,34,96,67,50
54,117,69,19,34,96,67,50
54,117,69,19,34,96,67,50
54,117,69,19,34,96,67,50
54,117,69,19,34,96,67,50
54,117,69,19,34,96,67,50
54,117,69,19,34,96,67,50
54,117,69,19,34,96,67,50
145,71,35,29,26,36,120,80
145,71,35,29,26,36,120,80
145,71,35,29,26,36,120,80
145,71,35,29,26,36,120,80
145,71,35,29,26,36,120,80
145,71,35,29,26,36,120,80
145,71,35,29,26,36,120,80
145,71,35,29,26,36,120,80
53,63,71,43,18,58,79,67
53,63,71,43,18,58,79,67
53,63,71,43,18,58,79,67
53,63,71,43,18,58,79,67
53,63,71,43,18,58,79,67
53,63,71,43,18,58,79,67
53,63,71,43,18,58,79,67
53,63,71,43,18,58,79,67
87,86,52,20,22,78,59,77
87,86,52,20,22,78,59,77
87,86,52,20,22,78,59,77
87,86,52,20,22,78,59,77
87,86,52,20,22,78,59,77
87,86,52,20,22,78,59,77
87,86,52,20,22,78,59,77
87,86,52,20,22,78,59,77
67,100,53,30,22,51,56,110
67,100,53,30,22,51,56,110
67,100,53,30,22,51,56,110
67,100,53,30,22,51,56,110
67,100,53,30,22,51,56,110
67,100,53,30,22,51,56,110
67,100,53,30,22,51,56,110
67,100,53,30,22,51,56,110
81,59,59,25,33,14,75,97
81,59,59,25,33,14,75,97
81,59,59,25,33,14,75,97
81,59,59,25,33,14,75,97
81,59,59,25,33,14,75,97
81,59,59,25,33,14,75,97
81,59,59,25,33,14,75,97
81,59,59,25,33,14,75,97
117,100,42,6,18,74,84,73
117,100,42,6,18,74,84,73
117,100,42,6,18,74,84,73
117,100,42,6,18,74,84,73
117,100,42,6,18,74,84,73
117,100,42,6,18,74,84,73
117,100,42,6,18,74,84,73
117,100,42,6,18,74,84,73
92,104,65,10,15,116,103,26
92,104,65,10,15,116,103,26
92,104,65,10,15,116,103,26
92,104,65,10,15,116,103,26
92,104,65,10,15,116,103,26
92,104,65,10,15,116,103,26
92,104,65,10,15,116,103,26
92,104,65,10,15,116,103,26
96,111,28,12,21,60,67,86
96,111,28,12,21,60,67,86
96,111,28,12,21,60,67,86
96,111,28,12,21,60,67,86
96,111,28,12,21,60,67,86
96,111,28,12,21,60,67,86
96,111,28,12,21,60,67,86
96,111,28,12,21,60,67,86
88,90,30,6,30,47,64,59
88,90,30,6,30,47,64,59
88,90,30,6,30,47,64,59
88,90,30,6,30,47,64,59
88,90,30,6,30,47,64,59
88,90,30,6,30,47,64,59
88,90,30,6,30,47,64,59
88,90,30,6,30,47,64,59
69,96,55,21,34,72,49,77
69,96,55,21,34,72,49,77
69,96,55,21,34,72,49,77
69,96,55,21,34,72,49,77
69,96,55,21,34,72,49,77
69,96,55,21,34,72,49,77
69,96,55,21,34,72,49,77
69,96,55,21,34,72,49,77
94,92,51,24,46,50,61,89
94,92,51,24,46,50,61,89
94,92,51,24,46,50,61,89
94,92,51,24,46,50,61,89
94,92,51,24,46,50,61,89
94,92,51,24,46,50,61,89
94,92,51,24,46,50,61,89
94,92,51,24,46,50,61,89
95,60,80,17,27,78,87,50
95,60,80,17,27,78,87,50
95,60,80,17,27,78,87,50
95,60,80,17,27,78,87,50
95,60,80,17,27,78,87,50
95,60,80,17,27,78,87,50
95,60,80,17,27,78,87,50
95,60,80,17,27,78,87,50
92,53,50,20,23,70,67,50
92,53,50,20,23,70,67,50
92,53,50,20,23,70,67,50
92,53,50,20,23,70,67,50
92,53,50,20,23,70,67,50
92,53,50,20,23,70,67,50
92,53,50,20,23,70,67,50
92,53,50,20,23,70,67,50
99,81,35,28,15,20,88,109
99,81,35,28,15,20,88,109
99,81,35,28,15,20,88,109
99,81,35,28,15,20,88,109
99,81,35,28,15,20,88,109
99,81,35,28,15,20,88,109
99,81,35,28,15,20,88,109
99,81,35,28,15,20,88,109
97,86,38,22,19,29,78,106
97,86,38,22,19,29,78,106
97,86,38,22,19,29,78,106
97,86,38,22,19,29,78,106
97,86,38,22,19,29,78,106
97,86,38,22,19,29,78,106
97,86,38,22,19,29,78,106
97,86,38,22,19,29,78,106
120,86,63,19,36,60,69,116
120,86,63,19,36,60,69,116
120,86,63,19,36,60,69,116
120,86,63,19,36,60,69,116
120,86,63,19,36,60,69,116
120,86,63,19,36,60,69,116
120,86,63,19,36,60,69,116
120,86,63,19,36,60,69,116
119,107,45,11,40,61,80,84
119,107,45,11,40,61,80,84
119,107,45,11,40,61,80,84
119,107,45,11,40,61,80,84
119,107,45,11,40,61,80,84
119,107,45,11,40,61,80,84
119,107,45,11,40,61,80,84
119,107,45,11,40,61,80,84
40,70,86,44,28,34,81,94
40,70,86,44,28,34,81,94
40,70,86,44,28,34,81,94
40,70,86,44,28,34,81,94
40,70,86,44,28,34,81,94
40,70,86,44,28,34,81,94
40,70,86,44,28,34,81,94
40,70,86,44,28,34,81,94
46,91,76,33,26,41,80,94
46,91,76,33,26,41,80,94
46,91,76,33,26,41,80,94
46,91,76,33,26,41,80,94
46,91,76,33,26,41,80,94
46,91,76,33,26,41,80,94
46,91,76,33,26,41,80,94
46,91,76,33,26,41,80,94
97,57,80,29,32,64,72,86
97,57,80,29,32,64,72,86
97,57,80,29,32,64,72,86
97,57,80,29,32,64,72,86
97,57,80,29,32,64,72,86
97,57,80,29,32,64,72,86
97,57,80,29,32,64,72,86
97,57,80,29,32,64,72,86
98,64,41,12,24,53,69,55
98,64,41,12,24,53,69,55
98,64,41,12,24,53,69,55
98,64,41,12,24,53,69,55
98,64,41,12,24,53,69,55
98,64,41,12,24,53,69,55
98,64,41,12,24,53,69,55
98,64,41,12,24,53,69,55
70,72,58,26,29,35,64,93
70,72,58,26,29,35,64,93
70,72,58,26,29,35,64,93
70,72,58,26,29,35,64,93
70,72,58,26,29,35,64,93
70,72,58,26,29,35,64,93
70,72,58,26,29,35,64,93
70,72,58,26,29,35,64,93
62,105,38,27,30,29,48,119
62,105,38,27,30,29,48,119
62,105,38,27,30,29,48,119
62,105,38,27,30,29,48,119
62,105,38,27,30,29,48,119
62,105,38,27,30,29,48,119
62,105,38,27,30,29,48,119
62,105,38,27,30,29,48,119
80,88,72,21,37,34,99,80
80,88,72,21,37,34,99,80
80,88,72,21,37,34,99,80
80,88,72,21,37,34,99,80
80,88,72,21,37,34,99,80
80,88,72,21,37,34,99,80
80,88,72,21,37,34,99,80
80,88,72,21,37,34,99,80
75,105,51,44,26,74,110,55
75,105,51,44,26,74,110,55
75,105,51,44,26,74,110,55
75,105,51,44,26,74,110,55
75,105,51,44,26,74,110,55
75,105,51,44,26,74,110,55
75,105,51,44,26,74,110,55
75,105,51,44,26,74,110,55
44,61,94,33,15,53,88,70
44,61,94,33,15,53,88,70
44,61,94,33,15,53,88,70
44,61,94,33,15,53,88,70
44,61,94,33,15,53,88,70
44,61,94,33,15,53,88,70
44,61,94,33,15,53,88,70
44,61,94,33,15,53,88,70
49,85,82,25,15,80,64,75
49,85,82,25,15,80,64,75
49,85,82,25,15,80,64,75
49,85,82,25,15,80,64,75
49,85,82,25,15,80,64,75
49,85,82,25,15,80,64,75
49,85,82,25,15,80,64,75
49,85,82,25,15,80,64,75
79,81,31,35,31,34,60,92
79,81,31,35,31,34,60,92
79,81,31,35,31,34,60,92
79,81,31,35,31,34,60,92
79,81,31,35,31,34,60,92
79,81,31,35,31,34,60,92
79,81,31,35,31,34,60,92
79,81,31,35,31,34,60,92
49,61,63,47,14,26,88,88
49,61,63,47,14,26,88,88
49,61,63,47,14,26,88,88
49,61,63,47,14,26,88,88
49,61,63,47,14,26,88,88
49,61,63,47,14,26,88,88
49,61,63,47,14,26,88,88
49,61,63,47,14,26,88,88
104,64,49,14,58,48,64,49
104,64,49,14,58,48,64,49
104,64,49,14,58,48,64,49
104,64,49,14,58,48,64,49
104,64,49,14,58,48,64,49
104,64,49,14,58,48,64,49
104,64,49,14,58,48,64,49
104,64,49,14,58,48,64,49
73,46,103,30,25,73,79,65
73,46,103,30,25,73,79,65
73,46,103,30,25,73,79,65
73,46,103,30,25,73,79,65
73,46,103,30,25,73,79,65
73,46,103,30,25,73,79,65
73,46,103,30,25,73,79,65
73,46,103,30,25,73,79,65
106,66,48,4,16,25,79,96
106,66,48,4,16,25,79,96
106,66,48,4,16,25,79,96
106,66,48,4,16,25,79,96
106,66,48,4,16,25,79,96
106,66,48,4,16,25,79,96
106,66,48,4,16,25,79,96
106,66,48,4,16,25,79,96
88,93,36,35,22,47,81,98
88,93,36,35,22,47,81,98
88,93,36,35,22,47,81,98
88,93,36,35,22,47,81,98
88,93,36,35,22,47,81,98
88,93,36,35,22,47,81,98
88,93,36,35,22,47,81,98
88,93,36,35,22,47,81,98
99,58,80,27,32,75,75,71
99,58,80,27,32,75,75,71
99,58,80,27,32,75,75,71
99,58,80,27,32,75,75,71
99,58,80,27,32,75,75,71
99,58,80,27,32,75,75,71
99,58,80,27,32,75,75,71
99,58,80,27,32,75,75,71
112,55,37,10,15,36,73,79
112,55,37,10,15,36,73,79
112,55,37,10,15,36,73,79
112,55,37,10,15,36,73,79
112,55,37,10,15,36,73,79
112,55,37,10,15,36,73,79
112,55,37,10,15,36,73,79
112,55,37,10,15,36,73,79
104,34,66,50,11,33,78,125
104,34,66,50,11,33,78,125
104,34,66,50,11,33,78,125
104,34,66,50,11,33,78,125
104,34,66,50,11,33,78,125
104,34,66,50,11,33,78,125
104,34,66,50,11,33,78,125
104,34,66,50,11,33,78,125
155,62,33,3,34,90,66,47
155,62,33,3,34,90,66,47
155,62,33,3,34,90,66,47
155,62,33,3,34,90,66,47
155,62,33,3,34,90,66,47
155,62,33,3,34,90,66,47
155,62,33,3,34,90,66,47
155,62,33,3,34,90,66,47
93,82,48,32,12,61,79,88
93,82,48,32,12,61,79,88
93,82,48,32,12,61,79,88
93,82,48,32,12,61,79,88
93,82,48,32,12,61,79,88
93,82,48,32,12,61,79,88
93,82,48,32,12,61,79,88
93,82,48,32,12,61,79,88
88,83,63,11,37,94,76,34
88,83,63,11,37,94,76,34
88,83,63,11,37,94,76,34
88,83,63,11,37,94,76,34
88,83,63,11,37,94,76,34
88,83,63,11,37,94,76,34
88,83,63,11,37,94,76,34
88,83,63,11,37,94,76,34
74,67,66,22,26,66,62,63
74,67,66,22,26,66,62,63
74,67,66,22,26,66,62,63
74,67,66,22,26,66,62,63
74,67,66,22,26,66,62,63
74,67,66,22,26,66,62,63
74,67,66,22,26,66,62,63
74,67,66,22,26,66,62,63
103,103,37,26,11,51,81,112
103,103,37,26,11,51,81,112
103,103,37,26,11,51,81,112
103,103,37,26,11,51,81,112
103,103,37,26,11,51,81,112
103,103,37,26,11,51,81,112
103,103,37,26,11,51,81,112
103,103,37,26,11,51,81,112
130,71,24,20,34,38,58,104
130,71,24,20,34,38,58,104
130,71,24,20,34,38,58,104
130,71,24,20,34,38,58,104
130,71,24,20,34,38,58,104
130,71,24,20,34,38,58,104
130,71,24,20,34,38,58,104
130,71,24,20,34,38,58,104
97,56,39,41,17,38,75,90
97,56,39,41,17,38,75,90
97,56,39,41,17,38,75,90
97,56,39,41,17,38,75,90
97,56,39,41,17,38,75,90
97,56,39,41,17,38,75,90
97,56,39,41,17,38,75,90
97,56,39,41,17,38,75,90
68,30,92,46,32,46,66,82
68,30,92,46,32,46,66,82
68,30,92,46,32,46,66,82
68,30,92,46,32,46,66,82
68,30,92,46,32,46,66,82
68,30,92,46,32,46,66,82
68,30,92,46,32,46,66,82
68,30,92,46,32,46,66,82
45,92,64,27,13,25,82,106
45,92,64,27,13,25,82,106
45,92,64,27,13,25,82,106
45,92,64,27,13,25,82,106
45,92,64,27,13,25,82,106
45,92,64,27,13,25,82,106
45,92,64,27,13,25,82,106
45,92,64,27,13,25,82,106
113,53,49,15,17,37,86,82
113,53,49,15,17,37,86,82
113,53,49,15,17,37,86,82
113,53,49,15,17,37,86,82
113,53,49,15,17,37,86,82
113,53,49,15,17,37,86,82
113,53,49,15,17,37,86,82
113,53,49,15,17,37,86,82
51,68,79,40,21,2,85,97
51,68,79,40,21,2,85,97
51,68,79,40,21,2,85,97
51,68,79,40,21,2,85,97
51,68,79,40,21,2,85,97
51,68,79,40,21,2,85,97
51,68,79,40,21,2,85,97
51,68,79,40,21,2,85,97
131,52,29,22,14,41,77,89
131,52,29,22,14,41,77,89
131,52,29,22,14,41,77,89
131,52,29,22,14,41,77,89
131,52,29,22,14,41,77,89
131,52,29,22,14,41,77,89
131,52,29,22,14,41,77,89
131,52,29,22,14,41,77,89
109,68,21,19,32,50,71,46
109,68,21,19,32,50,71,46
109,68,21,19,32,50,71,46
109,68,21,19,32,50,71,46
109,68,21,19,32,50,71,46
109,68,21,19,32,50,71,46
109,68,21,19,32,50,71,46
109,68,21,19,32,50,71,46
64,77,62,45,24,34,67,115
64,77,62,45,24,34,67,115
64,77,62,45,24,34,67,115
64,77,62,45,24,34,67,115
64,77,62,45,24,34,67,115
64,77,62,45,24,34,67,115
64,77,62,45,24,34,67,115
64,77,62,45,24,34,67,115
96,100,44,32,39,79,73,5
96,100,44,32,39,79,73,5
96,100,44,32,39,79,73,5
96,100,44,32,39,79,73,5
96,100,44,32,39,79,73,5
96,100,44,32,39,79,73,5
96,100,44,32,39,79,73,5
96,100,44,32,39,79,73,5
63,83,60,33,46,45,82,63
63,83,60,33,46,45,82,63
63,83,60,33,46,45,82,63
63,83,60,33,46,45,82,63
63,83,60,33,46,45,82,63
63,83,60,33,46,45,82,63
63,83,60,33,46,45,82,63
63,83,60,33,46,45,82,63
86,55,53,38,29,33,113,47
86,55,53,38,29,33,113,47
86,55,53,38,29,33,113,47
86,55,53,38,29,33,113,47
86,55,53,38,29,33,113,47
86,55,53,38,29,33,113,47
86,55,53,38,29,33,113,47
86,55,53,38,29,33,113,47
69,69,35,68,40,23,66,101
69,69,35,68,40,23,66,101
69,69,35,68,40,23,66,101
69,69,35,68,40,23,66,101
69,69,35,68,40,23,66,101
69,69,35,68,40,23,66,101
69,69,35,68,40,23,66,101
69,69,35,68,40,23,66,101
53,101,53,37,22,48,71,99
53,101,53,37,22,48,71,99
53,101,53,37,22,48,71,99
53,101,53,37,22,48,71,99
53,101,53,37,22,48,71,99
53,101,53,37,22,48,71,99
53,101,53,37,22,48,71,99
53,101,53,37,22,48,71,99
102,79,65,41,19,76,113,69
102,79,65,41,19,76,113,69
102,79,65,41,19,76,113,69
102,79,65,41,19,76,113,69
102,79,65,41,19,76,113,69
102,79,65,41,19,76,113,69
102,79,65,41,19,76,113,69
102,79,65,41,19,76,113,69
55,65,96,31,44,29,68,101
55,65,96,31,44,29,68,101
55,65,96,31,44,29,68,101
55,65,96,31,44,29,68,101
55,65,96,31,44,29,68,101
55,65,96,31,44,29,68,101
55,65,96,31,44,29,68,101
55,65,96,31,44,29,68,101
85,73,83,17,25,58,83,82
85,73,83,17,25,58,83,82
85,73,83,17,25,58,83,82
85,73,83,17,25,58,83,82
85,73,83,17,25,58,83,82
85,73,83,17,25,58,83,82
85,73,83,17,25,58,83,82
85,73,83,17,25,58,83,82
73,85,66,29,37,24,95,89
73,85,66,29,37,24,95,89
73,85,66,29,37,24,95,89
73,85,66,29,37,24,95,89
73,85,66,29,37,24,95,89
73,85,66,29,37,24,95,89
73,85,66,29,37,24,95,89
73,85,66,29,37,24,95,89
95,77,66,18,11,2,88,106
95,77,66,18,11,2,88,106
95,77,66,18,11,2,88,106
95,77,66,18,11,2,88,106
95,77,66,18,11,2,88,106
95,77,66,18,11,2,88,106
95,77,66,18,11,2,88,106
95,77,66,18,11,2,88,106
82,84,38,39,40,52,63,82
82,84,38,39,40,52,63,82
82,84,38,39,40,52,63,82
82,84,38,39,40,52,63,82
82,84,38,39,40,52,63,82
82,84,38,39,40,52,63,82
82,84,38,39,40,52,63,82
82,84,38,39,40,52,63,82
75,61,72,6,37,45,52,71
75,61,72,6,37,45,52,71
75,61,72,6,37,45,52,71
75,61,72,6,37,45,52,71
75,61,72,6,37,45,52,71
75,61,72,6,37,45,52,71
75,61,72,6,37,45,52,71
75,61,72,6,37,45,52,71
104,78,59,16,39,76,71,63
104,78,59,16,39,76,71,63
104,78,59,16,39,76,71,63
104,78,59,16,39,76,71,63
104,78,59,16,39,76,71,63
104,78,59,16,39,76,71,63
104,78,59,16,39,76,71,63
104,78,59,16,39,76,71,63
72,77,55,15,12,44,43,112
72,77,55,15,12,44,43,112
72,77,55,15,12,44,43,112
72,77,55,15,12,44,43,112
72,77,55,15,12,44,43,112
72,77,55,15,12,44,43,112
72,77,55,15,12,44,43,112
72,77,55,15,12,44,43,112
114,60,58,53,34,55,81,107
114,60,58,53,34,55,81,107
114,60,58,53,34,55,81,107
114,60,58,53,34,55,81,107
114,60,58,53,34,55,81,107
114,60,58,53,34,55,81,107
114,60,58,53,34,55,81,107
114,60,58,53,34,55,81,107
50,115,51,18,46,26,63,88
50,115,51,18,46,26,63,88
50,115,51,18,46,26,63,88
50,115,51,18,46,26,63,88
50,115,51,18,46,26,63,88
50,115,51,18,46,26,63,88
50,115,51,18,46,26,63,88
50,115,51,18,46,26,63,88
94,72,61,8,4,53,97,60
94,72,61,8,4,53,97,60
94,72,61,8,4,53,97,60
94,72,61,8,4,53,97,60
94,72,61,8,4,53,97,60
94,72,61,8,4,53,97,60
94,72,61,8,4,53,97,60
94,72,61,8,4,53,97,60
144,62,12,26,30,32,84,80
144,62,12,26,30,32,84,80
144,62,12,26,30,32,84,80
144,62,12,26,30,32,84,80
144,62,12,26,30,32,84,80
144,62,12,26,30,32,84,80
144,62,12,26,30,32,84,80
144,62,12,26,30,32,84,80
124,76,33,13,16,53,89,77
124,76,33,13,16,53,89,77
124,76,33,13,16,53,89,77
124,76,33,13,16,53,89,77
124,76,33,13,16,53,89,77
124,76,33,13,16,53,89,77
124,76,33,13,16,53,89,77
124,76,33,13,16,53,89,77
79,61,68,29,8,42,61,123
79,61,68,29,8,42,61,123
79,61,68,29,8,42,61,123
79,61,68,29,8,42,61,123
79,61,68,29,8,42,61,123
79,61,68,29,8,42,61,123
79,61,68,29,8,42,61,123
79,61,68,29,8,42,61,123
32,38,59,77,31,77,66,25
32,38,59,77,31,77,66,25
32,38,59,77,31,77,66,25
32,38,59,77,31,77,66,25
32,38,59,77,31,77,66,25
32,38,59,77,31,77,66,25
32,38,59,77,31,77,66,25
32,38,59,77,31,77,66,25
103,58,77,4,30,48,54,97
103,58,77,4,30,48,54,97
103,58,77,4,30,48,54,97
103,58,77,4,30,48,54,97
103,58,77,4,30,48,54,97
103,58,77,4,30,48,54,97
103,58,77,4,30,48,54,97
103,58,77,4,30,48,54,97
84,107,22,22,24,32,86,83
84,107,22,22,24,32,86,83
84,107,22,22,24,32,86,83
84,107,22,22,24,32,86,83
84,107,22,22,24,32,86,83
84,107,22,22,24,32,86,83
84,107,22,22,24,32,86,83
84,107,22,22,24,32,86,83
90,57,59,18,24,24,58,106
90,57,59,18,24,24,58,106
90,57,59,18,24,24,58,106
90,57,59,18,24,24,58,106
90,57,59,18,24,24,58,106
90,57,59,18,24,24,58,106
90,57,59,18,24,24,58,106
90,57,59,18,24,24,58,106
31,99,85,21,22,39,77,87
31,99,85,21,22,39,77,87
31,99,85,21,22,39,77,87
31,99,85,21,22,39,77,87
31,99,85,21,22,39,77,87
31,99,85,21,22,39,77,87
31,99,85,21,22,39,77,87
31,99,85,21,22,39,77,87
57,75,57,7,16,39,68,68
57,75,57,7,16,39,68,68
57,75,57,7,16,39,68,68
57,75,57,7,16,39,68,68
57,75,57,7,16,39,68,68
57,75,57,7,16,39,68,68
57,75,57,7,16,39,68,68
57,75,57,7,16,39,68,68
66,73,83,29,33,59,101,48
66,73,83,29,33,59,101,48
66,73,83,29,33,59,101,48
66,73,83,29,33,59,101,48
66,73,83,29,33,59,101,48
66,73,83,29,33,59,101,48
66,73,83,29,33,59,101,48
66,73,83,29,33,59,101,48
58,56,81,38,17,62,90,56
58,56,81,38,17,62,90,56
58,56,81,38,17,62,90,56
58,56,81,38,17,62,90,56
58,56,81,38,17,62,90,56
58,56,81,38,17,62,90,56
58,56,81,38,17,62,90,56
58,56,81,38,17,62,90,56
66,101,43,32,35,33,93,73
66,101,43,32,35,33,93,73
66,101,43,32,35,33,93,73
66,101,43,32,35,33,93,73
66,101,43,32,35,33,93,73
66,101,43,32,35,33,93,73
66,101,43,32,35,33,93,73
66,101,43,32,35,33,93,73
91,84,72,16,32,54,117,55
91,84,72,16,32,54,117,55
91,84,72,16,32,54,117,55
91,84,72,16,32,54,117,55
91,84,72,16,32,54,117,55
91,84,72,16,32,54,117,55
91,84,72,16,32,54,117,55
91,84,72,16,32,54,117,55
110,75,56,29,29,80,82,65
110,75,56,29,29,80,82,65
110,75,56,29,29,80,82,65
110,75,56,29,29,80,82,65
110,75,56,29,29,80,82,65
110,75,56,29,29,80,82,65
110,75,56,29,29,80,82,65
110,75,56,29,29,80,82,65
58,50,58,48,25,50,78,54
58,50,58,48,25,50,78,54
58,50,58,48,25,50,78,54
58,50,58,48,25,50,78,54
58,50,58,48,25,50,78,54
58,50,58,48,25,50,78,54
58,50,58,48,25,50,78,54
58,50,58,48,25,50,78,54
71,82,54,47,17,59,76,91
71,82,54,47,17,59,76,91
71,82,54,47,17,59,76,91
71,82,54,47,17,59,76,91
71,82,54,47,17,59,76,91
71,82,54,47,17,59,76,91
71,82,54,47,17,59,76,91
71,82,54,47,17,59,76,91
102,116,21,10,31,33,81,94
102,116,21,10,31,33,81,94
102,116,21,10,31,33,81,94
102,116,21,10,31,33,81,94
102,116,21,10,31,33,81,94
102,116,21,10,31,33,81,94
102,116,21,10,31,33,81,94
102,116,21,10,31,33,81,94
92,56,71,23,55,34,57,87
92,56,71,23,55,34,57,87
92,56,71,23,55,34,57,87
92,56,71,23,55,34,57,87
92,56,71,23,55,34,57,87
92,56,71,23,55,34,57,87
92,56,71,23,55,34,57,87
92,56,71,23,55,34,57,87
62,79,45,41,36,28,73,91
62,79,45,41,36,28,73,91
62,79,45,41,36,28,73,91
62,79,45,41,36,28,73,91
62,79,45,41,36,28,73,91
62,79,45,41,36,28,73,91
62,79,45,41,36,28,73,91
62,79,45,41,36,28,73,91
75,101,65,18,13,33,91,122
75,101,65,18,13,33,91,122
75,101,65,18,13,33,91,122
75,101,65,18,13,33,91,122
75,101,65,18,13,33,91,122
75,101,65,18,13,33,91,122
75,101,65,18,13,33,91,122
75,101,65,18,13,33,91,122
149,81,21,8,18,80,96,50
149,81,21,8,18,80,96,50
149,81,21,8,18,80,96,50
149,81,21,8,18,80,96,50
149,81,21,8,18,80,96,50
149,81,21,8,18,80,96,50
149,81,21,8,18,80,96,50
149,81,21,8,18,80,96,50
86,56,92,19,20,53,102,69
86,56,92,19,20,53,102,69
86,56,92,19,20,53,102,69
86,56,92,19,20,53,102,69
86,56,92,19,20,53,102,69
86,56,92,19,20,53,102,69
86,56,92,19,20,53,102,69
86,56,92,19,20,53,102,69
92,63,27,38,26,21,85,77
92,63,27,38,26,21,85,77
92,63,27,38,26,21,85,77
92,63,27,38,26,21,85,77
92,63,27,38,26,21,85,77
92,63,27,38,26,21,85,77
92,63,27,38,26,21,85,77
92,63,27,38,26,21,85,77
101,88,32,20,17,42,84,92
101,88,32,20,17,42,84,92
101,88,32,20,17,42,84,92
101,88,32,20,17,42,84,92
101,88,32,20,17,42,84,92
101,88,32,20,17,42,84,92
101,88,32,20,17,42,84,92
101,88,32,20,17,42,84,92
73,86,51,34,35,27,79,94
73,86,51,34,35,27,79,94
73,86,51,34,35,27,79,94
73,86,51,34,35,27,79,94
73,86,51,34,35,27,79,94
73,86,51,34,35,27,79,94
73,86,51,34,35,27,79,94
73,86,51,34,35,27,79,94
85,60,51,43,18,77,85,52
85,60,51,43,18,77,85,52
85,60,51,43,18,77,85,52
85,60,51,43,18,77,85,52
85,60,51,43,18,77,85,52
85,60,51,43,18,77,85,52
85,60,51,43,18,77,85,52
85,60,51,43,18,77,85,52
103,75,47,30,27,73,98,48
103,75,47,30,27,73,98,48
103,75,47,30,27,73,98,48
103,75,47,30,27,73,98,48
103,75,47,30,27,73,98,48
103,75,47,30,27,73,98,48
103,75,47,30,27,73,98,48
103,75,47,30,27,73,98,48
60,68,116,27,65,87,39,68
60,68,116,27,65,87,39,68
60,68,116,27,65,87,39,68
60,68,116,27,65,87,39,68
60,68,116,27,65,87,39,68
60,68,116,27,65,87,39,68
60,68,116,27,65,87,39,68
60,68,116,27,65,87,39,68
74,72,73,30,33,39,106,66
74,72,73,30,33,39,106,66
74,72,73,30,33,39,106,66
74,72,73,30,33,39,106,66
74,72,73,30,33,39,106,66
74,72,73,30,33,39,106,66
74,72,73,30,33,39,106,66
74,72,73,30,33,39,106,66
58,64,72,28,12,60,54,89
58,64,72,28,12,60,54,89
58,64,72,28,12,60,54,89
58,64,72,28,12,60,54,89
58,64,72,28,12,60,54,89
58,64,72,28,12,60,54,89
58,64,72,28,12,60,54,89
58,64,72,28,12,60,54,89
108,68,34,44,14,39,88,103
108,68,34,44,14,39,88,103
108,68,34,44,14,39,88,103
108,68,34,44,14,39,88,103
108,68,34,44,14,39,88,103
108,68,34,44,14,39,88,103
108,68,34,44,14,39,88,103
108,68,34,44,14,39,88,103
73,87,53,31,13,36,77,108
73,87,53,31,13,36,77,108
73,87,53,31,13,36,77,108
73,87,53,31,13,36,77,108
73,87,53,31,13,36,77,108
73,87,53,31,13,36,77,108
73,87,53,31,13,36,77,108
73,87,53,31,13,36,77,108
26,26,52,106,57,58,47,46
26,26,52,106,57,58,47,46
26,26,52,106,57,58,47,46
26,26,52,106,57,58,47,46
26,26,52,106,57,58,47,46
26,26,52,106,57,58,47,46
26,26,52,106,57,58,47,46
26,26,52,106,57,58,47,46
61,82,69,31,17,55,68,5
61,82,69,31,17,55,68,5
61,82,69,31,17,55,68,5
61,82,69,31,17,55,68,5
61,82,69,31,17,55,68,5
61,82,69,31,17,55,68,5
61,82,69,31,17,55,68,5
61,82,69,31,17,55,68,5
49,92,65,41,36,64,86,52
49,92,65,41,36,64,86,52
49,92,65,41,36,64,86,52
49,92,65,41,36,64,86,52
49,92,65,41,36,64,86,52
49,92,65,41,36,64,86,52
49,92,65,41,36,64,86,52
49,92,65,41,36,64,86,52
106,33,58,28,28,64,71,50
106,33,58,28,28,64,71,50
106,33,58,28,28,64,71,50
106,33,58,28,28,64,71,50
106,33,58,28,28,64,71,50
106,33,58,28,28,64,71,50
106,33,58,28,28,64,71,50
106,33,58,28,28,64,71,50
71,69,50,38,15,48,54,104
71,69,50,38,15,48,54,104
71,69,50,38,15,48,54,104
71,69,50,38,15,48,54,104
71,69,50,38,15,48,54,104
71,69,50,38,15,48,54,104
71,69,50,38,15,48,54,104
71,69,50,38,15,48,54,104
83,72,61,25,12,51,44,124
83,72,61,25,12,51,44,124
83,72,61,25,12,51,44,124
83,72,61,25,12,51,44,124
83,72,61,25,12,51,44,124
83,72,61,25,12,51,44,124
83,72,61,25,12,51,44,124
83,72,61,25,12,51,44,124
66,75,49,29,12,40,76,87
66,75,49,29,12,40,76,87
66,75,49,29,12,40,76,87
66,75,49,29,12,40,76,87
66,75,49,29,12,40,76,87
66,75,49,29,12,40,76,87
66,75,49,29,12,40,76,87
66,75,49,29,12,40,76,87
106,89,14,19,32,50,79,57
106,89,14,19,32,50,79,57
106,89,14,19,32,50,79,57
106,89,14,19,32,50,79,57
106,89,14,19,32,50,79,57
106,89,14,19,32,50,79,57
106,89,14,19,32,50,79,57
106,89,14,19,32,50,79,57
71,67,61,30,11,21,89,99
71,67,61,30,11,21,89,99
71,67,61,30,11,21,89,99
71,67,61,30,11,21,89,99
71,67,61,30,11,21,89,99
71,67,61,30,11,21,89,99
71,67,61,30,11,21,89,99
71,67,61,30,11,21,89,99
106,105,19,47,30,79,99,56
106,105,19,47,30,79,99,56
106,105,19,47,30,79,99,56
106,105,19,47,30,79,99,56
106,105,19,47,30,79,99,56
106,105,19,47,30,79,99,56
106,105,19,47,30,79,99,56
106,105,19,47,30,79,99,56
99,72,45,22,3,53,84,90
99,72,45,22,3,53,84,90
99,72,45,22,3,53,84,90
99,72,45,22,3,53,84,90
99,72,45,22,3,53,84,90
99,72,45,22,3,53,84,90
99,72,45,22,3,53,84,90
99,72,45,22,3,53,84,90
78,79,51,19,8,64,88,54
78,79,51,19,8,64,88,54
78,79,51,19,8,64,88,54
78,79,51,19,8,64,88,54
78,79,51,19,8,64,88,54
78,79,51,19,8,64,88,54
78,79,51,19,8,64,88,54
78,79,51,19,8,64,88,54
78,87,40,28,18,71,59,76
78,87,40,28,18,71,59,76
78,87,40,28,18,71,59,76
78,87,40,28,18,71,59,76
78,87,40,28,18,71,59,76
78,87,40,28,18,71,59,76
78,87,40,28,18,71,59,76
78,87,40,28,18,71,59,76
92,78,66,24,30,46,59,114
92,78,66,24,30,46,59,114
92,78,66,24,30,46,59,114
92,78,66,24,30,46,59,114
92,78,66,24,30,46,59,114
92,78,66,24,30,46,59,114
92,78,66,24,30,46,59,114
92,78,66,24,30,46,59,114
125,61,30,20,18,26,52,129
125,61,30,20,18,26,52,129
125,61,30,20,18,26,52,129
125,61,30,20,18,26,52,129
125,61,30,20,18,26,52,129
125,61,30,20,18,26,52,129
125,61,30,20,18,26,52,129
125,61,30,20,18,26,52,129
101,66,74,23,34,58,93,73
101,66,74,23,34,58,93,73
101,66,74,23,34,58,93,73
101,66,74,23,34,58,93,73
101,66,74,23,34,58,93,73
101,66,74,23,34,58,93,73
101,66,74,23,34,58,93,73
101,66,74,23,34,58,93,73
123,47,45,14,32,36,73,76
123,47,45,14,32,36,73,76
123,47,45,14,32,36,73,76
123,47,45,14,32,36,73,76
123,47,45,14,32,36,73,76
123,47,45,14,32,36,73,76
123,47,45,14,32,36,73,76
123,47,45,14,32,36,73,76
56,90,53,41,10,34,104,84
56,90,53,41,10,34,104,84
56,90,53,41,10,34,104,84
56,90,53,41,10,34,104,84
56,90,53,41,10,34,104,84
56,90,53,41,10,34,104,84
56,90,53,41,10,34,104,84
56,90,53,41,10,34,104,84
119,58,35,11,39,57,60,59
119,58,35,11,39,57,60,59
119,58,35,11,39,57,60,59
119,58,35,11,39,57,60,59
119,58,35,11,39,57,60,59
119,58,35,11,39,57,60,59
119,58,35,11,39,57,60,59
119,58,35,11,39,57,60,59
91,80,39,24,46,61,93,25
91,80,39,24,46,61,93,25
91,80,39,24,46,61,93,25
91,80,39,24,46,61,93,25
91,80,39,24,46,61,93,25
91,80,39,24,46,61,93,25
91,80,39,24,46,61,93,25
91,80,39,24,46,61,93,25
86,94,39,19,37,51,84,59
86,94,39,19,37,51,84,59
86,94,39,19,37,51,84,59
86,94,39,19,37,51,84,59
86,94,39,19,37,51,84,59
86,94,39,19,37,51,84,59
86,94,39,19,37,51,84,59
86,94,39,19,37,51,84,59
109,69,48,18,30,24,64,120
109,69,48,18,30,24,64,120
109,69,48,18,30,24,64,120
109,69,48,18,30,24,64,120
109,69,48,18,30,24,64,120
109,69,48,18,30,24,64,120
109,69,48,18,30,24,64,120
109,69,48,18,30,24,64,120
93,103,71,16,29,60,57,121
93,103,71,16,29,60,57,121
93,103,71,16,29,60,57,121
93,103,71,16,29,60,57,121
93,103,71,16,29,60,57,121
93,103,71,16,29,60,57,121
93,103,71,16,29,60,57,121
93,103,71,16,29,60,57,121
130,55,50,32,9,33,98,113
130,55,50,32,9,33,98,113
130,55,50,32,9,33,98,113
130,55,50,32,9,33,98,113
130,55,50,32,9,33,98,113
130,55,50,32,9,33,98,113
130,55,50,32,9,33,98,113
130,55,50,32,9,33,98,113
19,130,67,19,13,60,85,72
19,130,67,19,13,60,85,72
19,130,67,19,13,60,85,72
19,130,67,19,13,60,85,72
19,130,67,19,13,60,85,72
19,130,67,19,13,60,85,72
19,130,67,19,13,60,85,72
19,130,67,19,13,60,85,72
96,70,39,14,14,57,57,80
96,70,39,14,14,57,57,80
96,70,39,14,14,57,57,80
96,70,39,14,14,57,57,80
96,70,39,14,14,57,57,80
96,70,39,14,14,57,57,80
96,70,39,14,14,57,57,80
96,70,39,14,14,57,57,80
112,59,56,36,13,70,89,77
112,59,56,36,13,70,89,77
112,59,56,36,13,70,89,77
112,59,56,36,13,70,89,77
112,59,56,36,13,70,89,77
112,59,56,36,13,70,89,77
112,59,56,36,13,70,89,77
112,59,56,36,13,70,89,77
66,92,31,13,20,46,86,42
66,92,31,13,20,46,86,42
66,92,31,13,20,46,86,42
66,92,31,13,20,46,86,42
66,92,31,13,20,46,86,42
66,92,31,13,20,46,86,42
66,92,31,13,20,46,86,42
66,92,31,13,20,46,86,42
63,94,42,25,25,19,81,90
63,94,42,25,25,19,81,90
63,94,42,25,25,19,81,90
63,94,42,25,25,19,81,90
63,94,42,25,25,19,81,90
63,94,42,25,25,19,81,90
63,94,42,25,25,19,81,90
63,94,42,25,25,19,81,90
115,64,41,25,36,38,85,72
115,64,41,25,36,38,85,72
115,64,41,25,36,38,85,72
115,64,41,25,36,38,85,72
115,64,41,25,36,38,85,72
115,64,41,25,36,38,85,72
115,64,41,25,36,38,85,72
115,64,41,25,36,38,85,72
78,65,55,12,36,40,71,59
78,65,55,12,36,40,71,59
78,65,55,12,36,40,71,59
78,65,55,12,36,40,71,59
78,65,55,12,36,40,71,59
78,65,55,12,36,40,71,59
78,65,55,12,36,40,71,59
78,65,55,12,36,40,71,59
81,101,56,25,26,48,83,94
81,101,56,25,26,48,83,94
81,101,56,25,26,48,83,94
81,101,56,25,26,48,83,94
81,101,56,25,26,48,83,94
81,101,56,25,26,48,83,94
81,101,56,25,26,48,83,94
81,101,56,25,26,48,83,94
78,69,44,52,26,77,59,71
78,69,44,52,26,77,59,71
78,69,44,52,26,77,59,71
78,69,44,52,26,77,59,71
78,69,44,52,26,77,59,71
78,69,44,52,26,77,59,71
78,69,44,52,26,77,59,71
78,69,44,52,26,77,59,71
75,88,17,18,18,17,59,97
75,88,17,18,18,17,59,97
75,88,17,18,18,17,59,97
75,88,17,18,18,17,59,97
75,88,17,18,18,17,59,97
75,88,17,18,18,17,59,97
75,88,17,18,18,17,59,97
75,88,17,18,18,17,59,97
103,90,40,53,41,96,77,63
103,90,40,53,41,96,77,63
103,90,40,53,41,96,77,63
103,90,40,53,41,96,77,63
103,90,40,53,41,96,77,63
103,90,40,53,41,96,77,63
103,90,40,53,41,96,77,63
103,90,40,53,41,96,77,63
54,95,76,27,30,49,82,81
54,95,76,27,30,49,82,81
54,95,76,27,30,49,82,81
54,95,76,27,30,49,82,81
54,95,76,27,30,49,82,81
54,95,76,27,30,49,82,81
54,95,76,27,30,49,82,81
54,95,76,27,30,49,82,81
78,60,60,16,16,71,69,51
78,60,60,16,16,71,69,51
78,60,60,16,16,71,69,51
78,60,60,16,16,71,69,51
78,60,60,16,16,71,69,51
78,60,60,16,16,71,69,51
78,60,60,16,16,71,69,51
78,60,60,16,16,71,69,51
94,69,66,10,21,57,78,77
94,69,66,10,21,57,78,77
94,69,66,10,21,57,78,77
94,69,66,10,21,57,78,77
94,69,66,10,21,57,78,77
94,69,66,10,21,57,78,77
94,69,66,10,21,57,78,77
94,69,66,10,21,57,78,77
54,68,85,37,37,34,90,70
54,68,85,37,37,34,90,70
54,68,85,37,37,34,90,70
54,68,85,37,37,34,90,70
54,68,85,37,37,34,90,70
54,68,85,37,37,34,90,70
54,68,85,37,37,34,90,70
54,68,85,37,37,34,90,70
133,76,52,17,38,36,59,127
133,76,52,17,38,36,59,127
133,76,52,17,38,36,59,127
133,76,52,17,38,36,59,127
133,76,52,17,38,36,59,127
133,76,52,17,38,36,59,127
133,76,52,17,38,36,59,127
133,76,52,17,38,36,59,127
86,72,46,20,25,74,51,63
86,72,46,20,25,74,51,63
86,72,46,20,25,74,51,63
86,72,46,20,25,74,51,63
86,72,46,20,25,74,51,63
86,72,46,20,25,74,51,63
86,72,46,20,25,74,51,63
86,72,46,20,25,74,51,63
79,95,68,14,11,53,92,96
79,95,68,14,11,53,92,96
79,95,68,14,11,53,92,96
79,95,68,14,11,53,92,96
79,95,68,14,11,53,92,96
79,95,68,14,11,53,92,96
79,95,68,14,11,53,92,96
79,95,68,14,11,53,92,96
106,68,48,29,24,40,71,99
106,68,48,29,24,40,71,99
106,68,48,29,24,40,71,99
106,68,48,29,24,40,71,99
106,68,48,29,24,40,71,99
106,68,48,29,24,40,71,99
106,68,48,29,24,40,71,99
106,68,48,29,24,40,71,99
101,51,44,9,3,5,85,76
101,51,44,9,3,5,85,76
101,51,44,9,3,5,85,76
101,51,44,9,3,5,85,76
101,51,44,9,3,5,85,76
101,51,44,9,3,5,85,76
101,51,44,9,3,5,85,76
101,51,44,9,3,5,85,76
69,68,58,37,10,49,65,99
69,68,58,37,10,49,65,99
69,68,58,37,10,49,65,99
69,68,58,37,10,49,65,99
69,68,58,37,10,49,65,99
69,68,58,37,10,49,65,99
69,68,58,37,10,49,65,99
69,68,58,37,10,49,65,99
73,74,55,46,15,29,105,94
73,74,55,46,15,29,105,94
73,74,55,46,15,29,105,94
73,74,55,46,15,29,105,94
73,74,55,46,15,29,105,94
73,74,55,46,15,29,105,94
73,74,55,46,15,29,105,94
73,74,55,46,15,29,105,94
82,65,38,39,21,26,99,70
82,65,38,39,21,26,99,70
82,65,38,39,21,26,99,70
82,65,38,39,21,26,99,70
82,65,38,39,21,26,99,70
82,65,38,39,21,26,99,70
82,65,38,39,21,26,99,70
82,65,38,39,21,26,99,70
74,92,49,17,12,51,86,76
74,92,49,17,12,51,86,76
74,92,49,17,12,51,86,76
74,92,49,17,12,51,86,76
74,92,49,17,12,51,86,76
74,92,49,17,12,51,86,76
74,92,49,17,12,51,86,76
74,92,49,17,12,51,86,76
69,48,71,42,21,46,66,90
69,48,71,42,21,46,66,90
69,48,71,42,21,46,66,90
69,48,71,42,21,46,66,90
69,48,71,42,21,46,66,90
69,48,71,42,21,46,66,90
69,48,71,42,21,46,66,90
69,48,71,42,21,46,66,90
83,54,71,36,31,39,108,55
83,54,71,36,31,39,108,55
83,54,71,36,31,39,108,55
83,54,71,36,31,39,108,55
83,54,71,36,31,39,108,55
83,54,71,36,31,39,108,55
83,54,71,36,31,39,108,55
83,54,71,36,31,39,108,55
29,48,98,23,6,45,79,67
29,48,98,23,6,45,79,67
29,48,98,23,6,45,79,67
29,48,98,23,6,45,79,67
29,48,98,23,6,45,79,67
29,48,98,23,6,45,79,67
29,48,98,23,6,45,79,67
29,48,98,23,6,45,79,67
39,57,39,61,30,32,41,88
39,57,39,61,30,32,41,88
39,57,39,61,30,32,41,88
39,57,39,61,30,32,41,88
39,57,39,61,30,32,41,88
39,57,39,61,30,32,41,88
39,57,39,61,30,32,41,88
39,57,39,61,30,32,41,88
68,53,83,35,19,57,77,84
68,53,83,35,19,57,77,84
68,53,83,35,19,57,77,84
68,53,83,35,19,57,77,84
68,53,83,35,19,57,77,84
68,53,83,35,19,57,77,84
68,53,83,35,19,57,77,84
68,53,83,35,19,57,77,84
39,71,127,21,16,27,83,125
39,71,127,21,16,27,83,125
39,71,127,21,16,27,83,125
39,71,127,21,16,27,83,125
39,71,127,21,16,27,83,125
39,71,127,21,16,27,83,125
39,71,127,21,16,27,83,125
39,71,127,21,16,27,83,125
47,74,67,36,24,35,99,59
47,74,67,36,24,35,99,59
47,74,67,36,24,35,99,59
47,74,67,36,24,35,99,59
47,74,67,36,24,35,99,59
47,74,67,36,24,35,99,59
47,74,67,36,24,35,99,59
47,74,67,36,24,35,99,59
53,100,57,21,15,62,67,86
53,100,57,21,15,62,67,86
53,100,57,21,15,62,67,86
53,100,57,21,15,62,67,86
53,100,57,21,15,62,67,86
53,100,57,21,15,62,67,86
53,100,57,21,15,62,67,86
53,100,57,21,15,62,67,86
90,103,25,12,12,66,78,60
90,103,25,12,12,66,78,60
90,103,25,12,12,66,78,60
90,103,25,12,12,66,78,60
90,103,25,12,12,66,78,60
90,103,25,12,12,66,78,60
90,103,25,12,12,66,78,60
90,103,25,12,12,66,78,60
